id,nom_fr,nom_latin,famille,categorie,debut,fin,zone,planche,note
helleborus-niger,Hellébore noir (rose de Noël),Helleborus niger,Renonculacées,jardin,12-01,03-15,partout,Curtis,"Fleurit en plein hiver, parfois sous la neige."
helleborus-foetidus,Hellébore fétide,Helleborus foetidus,Renonculacées,fleur sauvage,01-15,04-15,partout,Coste,"Clochettes vertes bordées de pourpre, feuillage à l'odeur forte."
galanthus-nivalis,Perce-neige,Galanthus nivalis,Amaryllidacées,fleur sauvage,01-20,03-15,partout,Coste,L'une des toutes premières fleurs de l'année.
corylus-avellana,Noisetier,Corylus avellana,Bétulacées,arbuste,01-10,03-20,partout,Coste,Les chatons jaunes sont les fleurs mâles ; la fleur femelle n'est qu'un minuscule pinceau rouge.
jasminum-nudiflorum,Jasmin d'hiver,Jasminum nudiflorum,Oléacées,jardin,12-01,03-15,partout,Curtis,"Fleurs jaunes sur rameaux nus, sans le parfum des autres jasmins."
viburnum-tinus,Viorne tin,Viburnum tinus,Adoxacées,arbuste,11-15,04-15,sud,Coste,Arbuste méditerranéen qui fleurit tout l'hiver.
mahonia-aquifolium,Mahonia à feuilles de houx,Mahonia aquifolium,Berbéridacées,jardin,01-15,04-30,partout,Curtis,"Grappes jaunes parfumées, très visitées par les bourdons en fin d'hiver."
mahonia-media,Mahonia d'hiver,Mahonia × media,Berbéridacées,jardin,11-01,02-28,partout,Curtis,Longues grappes jaunes dressées au cœur de l'hiver.
chimonanthus-praecox,Chimonanthe,Chimonanthus praecox,Calycanthacées,jardin,12-15,02-28,partout,Curtis,Petites fleurs cireuses au parfum intense sur bois nu.
hamamelis-mollis,Hamamélis,Hamamelis mollis,Hamamélidacées,jardin,12-20,02-28,partout,Curtis,Pétales en fins rubans qui s'enroulent quand il gèle.
lonicera-fragrantissima,Chèvrefeuille d'hiver,Lonicera fragrantissima,Caprifoliacées,jardin,12-01,03-15,partout,Curtis,Petites fleurs crème très parfumées en plein hiver.
sarcococca-confusa,Sarcococca,Sarcococca confusa,Buxacées,jardin,12-15,03-01,partout,Curtis,Discrètes fleurs blanches dont le parfum embaume tout un jardin.
camellia-japonica,Camélia du Japon,Camellia japonica,Théacées,jardin,01-15,04-15,partout,Curtis,"Proche parent du théier, originaire d'Asie orientale."
camellia-sasanqua,Camélia sasanqua,Camellia sasanqua,Théacées,jardin,10-15,12-31,partout,Curtis,"Le camélia d'automne, aux fleurs simples et légèrement parfumées."
erica-carnea,Bruyère des neiges,Erica carnea,Éricacées,jardin,12-15,04-15,partout,Coste,Petites clochettes roses qui fleurissent sous la neige en montagne.
cyclamen-coum,Cyclamen de Cos,Cyclamen coum,Primulacées,jardin,01-15,03-31,partout,Curtis,"Pétales retroussés comme des ailes, en plein hiver."
iris-unguicularis,Iris d'Alger,Iris unguicularis,Iridacées,jardin,11-15,03-15,sud,Curtis,"Fleurit en hiver, blotti dans son feuillage."
ulex-europaeus,Ajonc d'Europe,Ulex europaeus,Fabacées,arbuste,01-15,05-31,partout,Coste,Fleurit presque toute l'année ; ses fleurs sentent la noix de coco.
bellis-perennis,Pâquerette,Bellis perennis,Astéracées,fleur sauvage,02-01,11-30,partout,Coste,"Son nom viendrait de Pâques, époque de sa pleine floraison."
stellaria-media,Mouron des oiseaux,Stellaria media,Caryophyllacées,fleur sauvage,01-01,12-31,partout,Coste,"Fleurit toute l'année, même en hiver."
senecio-vulgaris,Séneçon commun,Senecio vulgaris,Astéracées,fleur sauvage,01-01,12-31,partout,Coste,"Ses graines à aigrette blanche lui ont donné son nom, du latin senex, « vieillard »."
veronica-persica,Véronique de Perse,Veronica persica,Plantaginacées,fleur sauvage,02-01,11-30,partout,Coste,"Arrivée d'Asie au XIXe siècle, elle est aujourd'hui partout."
lamium-purpureum,Lamier pourpre,Lamium purpureum,Lamiacées,fleur sauvage,02-01,10-31,partout,Coste,Ressemble à l'ortie mais ne pique pas.
primula-vulgaris,Primevère acaule,Primula vulgaris,Primulacées,fleur sauvage,02-01,04-30,partout,Coste,Primula signifie « la première » : une fleur précoce du printemps.
viola-odorata,Violette odorante,Viola odorata,Violacées,fleur sauvage,02-15,04-15,partout,Coste,Son parfum semble s'évanouir : l'ionone endort brièvement l'odorat.
eranthis-hyemalis,Aconit d'hiver,Eranthis hyemalis,Renonculacées,jardin,01-20,03-10,partout,Curtis,"Une coupe jaune posée sur une collerette verte, en plein hiver."
crocus-vernus,Crocus printanier,Crocus vernus,Iridacées,fleur sauvage,02-15,04-15,partout,Coste,Ses fleurs s'ouvrent au soleil et se referment le soir.
acacia-dealbata,Mimosa,Acacia dealbata,Fabacées,arbre,01-15,03-15,sud,Curtis,"Originaire d'Australie, naturalisé sur la Côte d'Azur."
prunus-dulcis,Amandier,Prunus dulcis,Rosacées,arbre,02-10,03-20,sud,Köhler,"Le premier arbre fruitier à fleurir, parfois dès février."
cornus-mas,Cornouiller mâle,Cornus mas,Cornacées,arbuste,02-10,03-31,partout,Coste,"Petites fleurs jaunes en bouquets, bien avant les feuilles."
daphne-mezereum,Daphné bois-joli,Daphne mezereum,Thyméléacées,arbuste,02-15,04-15,partout,Coste,Fleurs roses très parfumées avant les feuilles ; toute la plante est toxique.
tussilago-farfara,Tussilage,Tussilago farfara,Astéracées,fleur sauvage,02-15,04-15,partout,Köhler,"Les fleurs sortent avant les feuilles, d'où son surnom de « fils avant le père »."
ficaria-verna,Ficaire,Ficaria verna,Renonculacées,fleur sauvage,02-20,04-30,partout,Coste,Ses pétales vernis se ferment par temps couvert.
hepatica-nobilis,Hépatique,Hepatica nobilis,Renonculacées,fleur sauvage,02-15,04-15,partout,Coste,Ses feuilles à trois lobes évoquaient la forme du foie.
salix-caprea,Saule marsault,Salix caprea,Salicacées,arbre,02-20,04-10,partout,Coste,Ses chatons argentés nourrissent les abeilles au sortir de l'hiver.
anemone-nemorosa,Anémone sylvie,Anemone nemorosa,Renonculacées,fleur sauvage,03-01,04-30,partout,Coste,Tapisse les sous-bois avant que les arbres ne fassent de l'ombre.
anemone-coronaria,Anémone couronnée,Anemone coronaria,Renonculacées,fleur sauvage,03-01,04-30,sud,Coste,"Anémone des champs du Midi, rouge, bleue ou blanche."
pulsatilla-vulgaris,Pulsatille,Pulsatilla vulgaris,Renonculacées,fleur sauvage,03-15,05-15,partout,Coste,"Fleur soyeuse des pelouses calcaires, dite « coquelourde »."
prunus-spinosa,Prunellier,Prunus spinosa,Rosacées,arbuste,03-10,04-20,partout,Coste,Fleurit en blanc sur bois nu ; ses prunelles se cueillent après les gelées.
taraxacum-officinale,Pissenlit,Taraxacum officinale,Astéracées,fleur sauvage,03-01,10-31,partout,Köhler,Chaque « fleur » est en réalité un bouquet de plus de cent fleurons.
forsythia-intermedia,Forsythia,Forsythia × intermedia,Oléacées,jardin,03-01,04-15,partout,Curtis,Des cascades jaunes qui annoncent le printemps.
magnolia-soulangeana,Magnolia de Soulange,Magnolia × soulangeana,Magnoliacées,jardin,03-10,04-20,partout,Curtis,Les magnolias sont si anciens qu'ils sont pollinisés par des coléoptères.
narcissus-pseudonarcissus,Jonquille,Narcissus pseudonarcissus,Amaryllidacées,fleur sauvage,03-01,04-20,partout,Coste,La trompette centrale est une couronne propre aux narcisses.
muscari-neglectum,Muscari,Muscari neglectum,Asparagacées,fleur sauvage,03-10,04-30,partout,Coste,Petites grappes bleues au léger parfum de prune.
vinca-minor,Pervenche,Vinca minor,Apocynacées,fleur sauvage,03-01,05-15,partout,Coste,"Tapis bleu des sous-bois, fleur symbole de la mémoire."
primula-veris,Coucou,Primula veris,Primulacées,fleur sauvage,03-20,05-15,partout,Köhler,"Clochettes jaunes au parfum d'abricot, dites aussi « clés du paradis »."
cardamine-pratensis,Cardamine des prés,Cardamine pratensis,Brassicacées,fleur sauvage,03-20,05-31,partout,Coste,Colore les prairies humides d'un lilas pâle au printemps.
glechoma-hederacea,Lierre terrestre,Glechoma hederacea,Lamiacées,fleur sauvage,03-15,06-15,partout,Coste,Rampe au sol en dégageant un parfum de menthe.
prunus-avium,Merisier,Prunus avium,Rosacées,arbre,03-25,04-30,partout,Coste,L'ancêtre sauvage de nos cerisiers.
prunus-persica,Pêcher,Prunus persica,Rosacées,arbre,03-10,04-15,partout,Curtis,"Floraison rose vif, avant les feuilles."
cercis-siliquastrum,Arbre de Judée,Cercis siliquastrum,Fabacées,arbre,03-25,05-01,sud,Coste,Ses fleurs roses sortent directement du tronc et des branches.
pyrus-communis,Poirier sauvage,Pyrus communis,Rosacées,arbre,04-01,04-30,partout,Coste,Fleurs blanches aux étamines pourpres.
malus-sylvestris,Pommier sauvage,Malus sylvestris,Rosacées,arbre,04-10,05-15,partout,Coste,L'un des ancêtres de nos pommiers cultivés.
syringa-vulgaris,Lilas,Syringa vulgaris,Oléacées,jardin,04-15,05-20,partout,Curtis,Arrivé des Balkans au XVIe siècle.
wisteria-sinensis,Glycine de Chine,Wisteria sinensis,Fabacées,jardin,04-10,05-15,partout,Curtis,Une glycine peut vivre plus d'un siècle.
tulipa-sylvestris,Tulipe sauvage,Tulipa sylvestris,Liliacées,fleur sauvage,04-01,05-10,partout,Coste,Tulipe jaune des vignes et des vergers anciens.
crataegus-monogyna,Aubépine,Crataegus monogyna,Rosacées,arbuste,04-20,05-31,partout,Coste,On l'appelle aussi « épine de mai ».
aesculus-hippocastanum,Marronnier d'Inde,Aesculus hippocastanum,Sapindacées,arbre,04-15,05-20,partout,Köhler,La tache de ses fleurs passe du jaune au rouge une fois pollinisées.
quercus-robur,Chêne pédonculé,Quercus robur,Fagacées,arbre,04-15,05-15,partout,Coste,Ses fleurs mâles pendent en fins chatons quand sortent les feuilles.
acer-campestre,Érable champêtre,Acer campestre,Sapindacées,arbre,04-15,05-15,partout,Coste,"Petites fleurs vert-jaune dressées, très visitées par les abeilles."
allium-ursinum,Ail des ours,Allium ursinum,Amaryllidacées,fleur sauvage,04-01,05-31,partout,Coste,"Ses feuilles ressemblent à celles du muguet, très toxique : prudence à la cueillette."
convallaria-majalis,Muguet,Convallaria majalis,Asparagacées,fleur sauvage,04-20,05-31,partout,Köhler,"Porte-bonheur du 1er mai, mais toxique."
hyacinthoides-non-scripta,Jacinthe des bois,Hyacinthoides non-scripta,Asparagacées,fleur sauvage,04-01,05-20,partout,Coste,Forme de véritables tapis bleus dans les forêts atlantiques.
arum-maculatum,Arum tacheté,Arum maculatum,Aracées,fleur sauvage,04-01,05-15,partout,Coste,Son spadice produit de la chaleur pour attirer de petites mouches.
polygonatum-multiflorum,Sceau de Salomon,Polygonatum multiflorum,Asparagacées,fleur sauvage,04-20,06-10,partout,Coste,Sa racine porte des cicatrices en forme de sceau.
stellaria-holostea,Stellaire holostée,Stellaria holostea,Caryophyllacées,fleur sauvage,04-01,05-31,partout,Coste,"Étoiles blanches aux pétales fendus, au bord des haies."
alliaria-petiolata,Alliaire,Alliaria petiolata,Brassicacées,fleur sauvage,04-01,06-15,partout,Coste,Ses feuilles froissées sentent l'ail.
anthriscus-sylvestris,Anthrisque des bois,Anthriscus sylvestris,Apiacées,fleur sauvage,04-15,06-15,partout,Coste,Ses ombelles de dentelle blanche bordent les chemins au printemps.
ajuga-reptans,Bugle rampante,Ajuga reptans,Lamiacées,fleur sauvage,04-01,06-30,partout,Coste,"Épis bleus sur tiges carrées, dans l'herbe fraîche."
fragaria-vesca,Fraisier des bois,Fragaria vesca,Rosacées,fleur sauvage,04-15,06-30,partout,Coste,Fleurs et fraises se côtoient souvent sur le même pied.
ranunculus-acris,Bouton d'or,Ranunculus acris,Renonculacées,fleur sauvage,04-15,08-31,partout,Coste,Ses pétales brillent comme laqués grâce à une couche de cellules réfléchissantes.
anacamptis-morio,Orchis bouffon,Anacamptis morio,Orchidacées,fleur sauvage,04-01,05-31,partout,Coste,Petite orchidée des prés aux sépales veinés de vert.
orchis-purpurea,Orchis pourpre,Orchis purpurea,Orchidacées,fleur sauvage,04-20,06-10,partout,Coste,Chaque fleur évoque une petite silhouette en robe tachetée.
ophrys-apifera,Ophrys abeille,Ophrys apifera,Orchidacées,fleur sauvage,05-01,07-10,partout,Coste,"Sa fleur imite une abeille, mais elle s'autopollinise le plus souvent."
geranium-robertianum,Géranium herbe-à-Robert,Geranium robertianum,Géraniacées,fleur sauvage,04-01,10-31,partout,Coste,Ses tiges rougissent au soleil et dégagent une odeur forte.
myosotis-arvensis,Myosotis des champs,Myosotis arvensis,Boraginacées,fleur sauvage,04-01,09-30,partout,Coste,Le « ne m'oubliez pas ».
silene-dioica,Compagnon rouge,Silene dioica,Caryophyllacées,fleur sauvage,04-15,09-30,partout,Coste,"Fleurs roses des haies ombragées, mâles et femelles sur des pieds distincts."
cytisus-scoparius,Genêt à balais,Cytisus scoparius,Fabacées,arbuste,04-20,06-15,partout,Coste,Ses rameaux servaient réellement à fabriquer des balais.
thymus-vulgaris,Thym commun,Thymus vulgaris,Lamiacées,fleur sauvage,04-15,06-30,sud,Köhler,Les garrigues embaument quand il est en fleur.
salvia-rosmarinus,Romarin,Salvia rosmarinus,Lamiacées,arbuste,01-15,05-15,sud,Köhler,"Rosmarinus, la « rosée de la mer »."
cistus-albidus,Ciste cotonneux,Cistus albidus,Cistacées,arbuste,04-15,06-15,sud,Coste,Chaque fleur froissée ne vit qu'une journée.
iris-germanica,Iris germanique,Iris germanica,Iridacées,jardin,04-20,06-10,partout,Redouté,"L'iris des jardins, dont la racine servait en parfumerie."
paeonia-officinalis,Pivoine officinale,Paeonia officinalis,Paeoniacées,jardin,05-01,06-15,partout,Köhler,"Nommée d'après Péan, le médecin des dieux grecs."
iris-pseudacorus,Iris des marais,Iris pseudacorus,Iridacées,fleur sauvage,05-01,07-15,partout,Coste,Les fleurs de lys du blason royal s'inspireraient de cet iris.
aquilegia-vulgaris,Ancolie,Aquilegia vulgaris,Renonculacées,fleur sauvage,05-01,07-15,partout,Coste,"Ses éperons recourbés évoquent des serres d'aigle, aquila en latin."
sambucus-nigra,Sureau noir,Sambucus nigra,Adoxacées,arbuste,05-10,06-30,partout,Köhler,Ses ombelles parfumées donnent sirops et beignets.
robinia-pseudoacacia,Robinier faux-acacia,Robinia pseudoacacia,Fabacées,arbre,05-01,06-10,partout,Coste,Ses grappes blanches donnent le miel dit « d'acacia ».
papaver-rhoeas,Coquelicot,Papaver rhoeas,Papavéracées,fleur sauvage,05-01,07-31,partout,Coste,Chaque fleur ne dure qu'un ou deux jours.
centaurea-cyanus,Bleuet,Centaurea cyanus,Astéracées,fleur sauvage,05-15,07-31,partout,Coste,Fleur des moissons devenue symbole du souvenir.
leucanthemum-vulgare,Marguerite,Leucanthemum vulgare,Astéracées,fleur sauvage,05-01,08-31,partout,Coste,"On l'effeuille : un peu, beaucoup, passionnément…"
agrostemma-githago,Nielle des blés,Agrostemma githago,Caryophyllacées,fleur sauvage,05-20,07-15,partout,Coste,"Autrefois commune dans les blés, devenue rare."
rosa-canina,Églantier,Rosa canina,Rosacées,arbuste,05-15,07-10,partout,Coste,"Ses fruits, les cynorhodons, sont surnommés « gratte-cul »."
rosa-gallica,Rose de Provins,Rosa gallica,Rosacées,jardin,05-20,06-30,partout,Redouté,L'une des plus anciennes roses cultivées en Europe.
papaver-orientale,Pavot d'Orient,Papaver orientale,Papavéracées,jardin,05-15,06-30,partout,Curtis,"D'immenses pétales de soie froissée, rouge orangé."
philadelphus-coronarius,Seringat,Philadelphus coronarius,Hydrangéacées,jardin,05-20,06-30,partout,Curtis,"Parfum de fleur d'oranger, d'où son surnom de « jasmin des poètes »."
cornus-sanguinea,Cornouiller sanguin,Cornus sanguinea,Cornacées,arbuste,05-15,06-30,partout,Coste,Ses rameaux rougissent en hiver.
viburnum-opulus,Viorne obier,Viburnum opulus,Adoxacées,arbuste,05-15,06-30,partout,Coste,Ses grandes fleurs stériles en couronne attirent les insectes vers les petites fleurs fertiles.
salvia-pratensis,Sauge des prés,Salvia pratensis,Lamiacées,fleur sauvage,05-01,07-31,partout,Coste,Ses étamines basculent pour poudrer de pollen le dos des bourdons.
trifolium-pratense,Trèfle des prés,Trifolium pratense,Fabacées,fleur sauvage,05-01,09-30,partout,Coste,Enrichit naturellement le sol en azote.
lotus-corniculatus,Lotier corniculé,Lotus corniculatus,Fabacées,fleur sauvage,05-01,09-30,partout,Coste,Surnommé « œufs au bacon » pour ses fleurs jaunes teintées de rouge.
silene-vulgaris,Silène enflé,Silene vulgaris,Caryophyllacées,fleur sauvage,05-15,09-15,partout,Coste,Son calice gonflé éclate quand on le presse.
geranium-sanguineum,Géranium sanguin,Geranium sanguineum,Géraniacées,fleur sauvage,05-15,08-15,partout,Coste,Son feuillage devient rouge sang à l'automne.
nigella-damascena,Nigelle de Damas,Nigella damascena,Renonculacées,fleur sauvage,05-15,07-15,sud,Coste,"Fleur bleue enveloppée d'un voile filiforme, dite « cheveux de Vénus »."
spartium-junceum,Genêt d'Espagne,Spartium junceum,Fabacées,arbuste,05-15,07-31,sud,Coste,Tiges presque sans feuilles couvertes de fleurs jaunes parfumées.
olea-europaea,Olivier,Olea europaea,Oléacées,arbre,05-01,06-15,sud,Köhler,"Petites fleurs blanches discrètes, pollinisées par le vent."
vitis-vinifera,Vigne,Vitis vinifera,Vitacées,arbuste,05-20,06-20,sud,Köhler,Ses minuscules fleurs vertes passent presque inaperçues.
symphytum-officinale,Consoude officinale,Symphytum officinale,Boraginacées,fleur sauvage,05-01,07-31,partout,Köhler,Son nom vient du latin consolidare : elle passait pour ressouder les os.
matricaria-chamomilla,Matricaire camomille,Matricaria chamomilla,Astéracées,fleur sauvage,05-15,08-31,partout,Köhler,"Son cœur jaune est creux, ce qui la distingue des fausses camomilles."
borago-officinalis,Bourrache,Borago officinalis,Boraginacées,fleur sauvage,05-01,09-30,partout,Köhler,"Étoiles bleues comestibles, au léger goût de concombre."
echium-vulgare,Vipérine,Echium vulgare,Boraginacées,fleur sauvage,05-15,09-15,partout,Coste,Ses fleurs roses virent au bleu en vieillissant.
malva-sylvestris,Mauve sylvestre,Malva sylvestris,Malvacées,fleur sauvage,05-15,09-30,partout,Köhler,A donné son nom à la couleur mauve.
tilia-cordata,Fleur de tilleul,Tilia cordata,Malvacées,arbre,06-10,07-15,partout,Köhler,Ses fleurs séchées donnent la tisane de tilleul.
castanea-sativa,Châtaignier,Castanea sativa,Fagacées,arbre,06-10,07-15,partout,Coste,Ses longs chatons crème dégagent une odeur puissante.
ligustrum-vulgare,Troène,Ligustrum vulgare,Oléacées,arbuste,06-01,07-10,partout,Coste,Arbuste des haies aux panicules blanches très parfumées.
lonicera-periclymenum,Chèvrefeuille des bois,Lonicera periclymenum,Caprifoliacées,fleur sauvage,06-01,09-15,partout,Coste,Son parfum s'intensifie le soir pour attirer les papillons de nuit.
digitalis-purpurea,Digitale pourpre,Digitalis purpurea,Plantaginacées,fleur sauvage,06-01,08-15,partout,Köhler,Très toxique : on en a tiré un médicament pour le cœur.
lilium-candidum,Lis blanc,Lilium candidum,Liliacées,jardin,06-01,07-15,partout,Redouté,"Le lis de la Madone, cultivé depuis l'Antiquité."
hemerocallis-fulva,Hémérocalle fauve,Hemerocallis fulva,Asphodélacées,jardin,06-15,08-15,partout,Curtis,"Chaque fleur ne dure qu'un jour, d'où son nom de « belle d'un jour »."
alcea-rosea,Rose trémière,Alcea rosea,Malvacées,jardin,06-15,09-15,partout,Curtis,Grandes hampes fleuries des façades de village.
jasminum-officinale,Jasmin officinal,Jasminum officinale,Oléacées,jardin,06-01,09-15,partout,Curtis,Ses petites étoiles blanches embaument les soirs d'été.
lavandula-angustifolia,Lavande vraie,Lavandula angustifolia,Lamiacées,fleur sauvage,06-15,08-31,sud,Köhler,"Son nom viendrait du latin lavare, « laver »."
nerium-oleander,Laurier-rose,Nerium oleander,Apocynacées,jardin,06-01,09-30,sud,Curtis,Magnifique mais très toxique dans toutes ses parties.
punica-granatum,Grenadier,Punica granatum,Lythracées,jardin,06-01,08-15,sud,Curtis,Fleurs rouge vif en forme de trompette charnue.
magnolia-grandiflora,Magnolia à grandes fleurs,Magnolia grandiflora,Magnoliacées,jardin,06-01,08-31,sud,Curtis,Fleurs blanches aussi grandes qu'une assiette.
catalpa-bignonioides,Catalpa,Catalpa bignonioides,Bignoniacées,jardin,06-10,07-15,partout,Curtis,Arbre aux grandes feuilles en cœur et aux panicules blanches mouchetées.
albizia-julibrissin,Albizia,Albizia julibrissin,Fabacées,jardin,06-15,08-15,sud,Curtis,Ses houppes soyeuses lui valent le nom d'« arbre à soie ».
hydrangea-macrophylla,Hortensia,Hydrangea macrophylla,Hydrangéacées,jardin,06-15,09-15,partout,Curtis,Sa couleur bleue ou rose dépend de l'acidité du sol.
hypericum-perforatum,Millepertuis perforé,Hypericum perforatum,Hypéricacées,fleur sauvage,06-10,08-31,partout,Köhler,Ses feuilles criblées de points translucides semblent percées à la lumière.
achillea-millefolium,Achillée millefeuille,Achillea millefolium,Astéracées,fleur sauvage,06-01,10-15,partout,Köhler,"Achille en aurait soigné ses blessures, dit la légende."
daucus-carota,Carotte sauvage,Daucus carota,Apiacées,fleur sauvage,06-01,09-30,partout,Coste,Une minuscule fleur pourpre trône souvent au centre de l'ombelle blanche.
convolvulus-arvensis,Liseron des champs,Convolvulus arvensis,Convolvulacées,fleur sauvage,06-01,09-30,partout,Coste,Ses entonnoirs roses et blancs se ferment l'après-midi.
calystegia-sepium,Liseron des haies,Calystegia sepium,Convolvulacées,fleur sauvage,06-15,09-30,partout,Coste,De grandes trompettes blanches enroulées dans les haies.
filipendula-ulmaria,Reine-des-prés,Filipendula ulmaria,Rosacées,fleur sauvage,06-15,08-31,partout,Köhler,"L'aspirine tire son nom de son ancien nom latin, Spiraea."
valeriana-officinalis,Valériane officinale,Valeriana officinalis,Caprifoliacées,fleur sauvage,06-01,08-15,partout,Köhler,Sa racine attire irrésistiblement les chats.
melissa-officinalis,Mélisse,Melissa officinalis,Lamiacées,fleur sauvage,06-15,08-31,partout,Köhler,Melissa signifie « abeille » en grec : ses fleurs les attirent.
verbena-officinalis,Verveine officinale,Verbena officinalis,Verbénacées,fleur sauvage,06-15,10-15,partout,Köhler,"Plante sacrée des druides, aux minuscules fleurs mauves."
verbascum-thapsus,Bouillon-blanc,Verbascum thapsus,Scrofulariacées,fleur sauvage,06-15,09-15,partout,Köhler,Ses hautes tiges trempées dans la cire servaient de torches.
lathyrus-latifolius,Gesse à larges feuilles,Lathyrus latifolius,Fabacées,fleur sauvage,06-15,09-15,partout,Coste,"Pois de senteur sauvage aux grappes roses, sans parfum."
consolida-regalis,Pied-d'alouette des champs,Consolida regalis,Renonculacées,fleur sauvage,06-01,08-31,partout,Coste,Son éperon évoque l'ergot d'une alouette.
nymphaea-alba,Nénuphar blanc,Nymphaea alba,Nymphéacées,fleur sauvage,06-15,08-31,partout,Coste,Ses fleurs s'ouvrent le matin et se referment le soir.
lythrum-salicaria,Salicaire,Lythrum salicaria,Lythracées,fleur sauvage,06-15,09-15,partout,Coste,Épis pourpres au bord de l'eau.
chamaenerion-angustifolium,Épilobe en épi,Chamaenerion angustifolium,Onagracées,fleur sauvage,06-20,08-31,partout,Coste,Colonise les clairières après les incendies.
oenothera-biennis,Onagre bisannuelle,Oenothera biennis,Onagracées,fleur sauvage,06-15,09-30,partout,Coste,Ses fleurs s'ouvrent au crépuscule en quelques minutes.
knautia-arvensis,Knautie des champs,Knautia arvensis,Caprifoliacées,fleur sauvage,06-01,09-15,partout,Coste,Pelotes mauves très appréciées des papillons.
scabiosa-columbaria,Scabieuse colombaire,Scabiosa columbaria,Caprifoliacées,fleur sauvage,06-15,10-15,partout,Coste,Pelote lilas des pelouses sèches.
campanula-rotundifolia,Campanule à feuilles rondes,Campanula rotundifolia,Campanulacées,fleur sauvage,06-15,09-30,partout,Coste,Ses feuilles rondes n'existent qu'à la base ; celles de la tige sont fines.
clematis-vitalba,Clématite des haies,Clematis vitalba,Renonculacées,fleur sauvage,06-15,09-15,partout,Coste,Ses graines plumeuses lui valent le surnom de « barbe du vieillard ».
humulus-lupulus,Houblon,Humulus lupulus,Cannabacées,fleur sauvage,07-01,09-15,partout,Köhler,Ses cônes femelles parfument la bière.
cichorium-intybus,Chicorée sauvage,Cichorium intybus,Astéracées,fleur sauvage,07-01,09-30,partout,Coste,Ses fleurs bleues s'ouvrent le matin et se ferment vers midi.
tanacetum-vulgare,Tanaisie,Tanacetum vulgare,Astéracées,fleur sauvage,07-01,09-30,partout,Köhler,"Boutons jaunes sans pétales, au parfum camphré."
dipsacus-fullonum,Cardère sauvage,Dipsacus fullonum,Caprifoliacées,fleur sauvage,07-01,08-31,partout,Coste,Sa cousine cultivée servait à carder la laine.
mentha-aquatica,Menthe aquatique,Mentha aquatica,Lamiacées,fleur sauvage,07-01,10-15,partout,Coste,Pompons mauves au parfum puissant au bord des ruisseaux.
origanum-vulgare,Origan,Origanum vulgare,Lamiacées,fleur sauvage,07-01,09-30,partout,Köhler,"La marjolaine sauvage, adorée des papillons."
helianthus-annuus,Tournesol,Helianthus annuus,Astéracées,jardin,07-01,09-15,partout,Curtis,Ses graines sont disposées en spirales selon la suite de Fibonacci.
buddleja-davidii,Buddleia,Buddleja davidii,Scrofulariacées,jardin,07-01,10-15,partout,Curtis,Surnommé « arbre aux papillons ».
lagerstroemia-indica,Lilas des Indes,Lagerstroemia indica,Lythracées,jardin,07-15,09-30,sud,Curtis,Très planté dans les villes du Midi pour sa floraison d'été.
passiflora-caerulea,Passiflore bleue,Passiflora caerulea,Passifloracées,jardin,06-15,10-15,partout,Curtis,Les missionnaires y voyaient les instruments de la Passion.
tropaeolum-majus,Capucine,Tropaeolum majus,Tropaeolacées,jardin,06-15,10-31,partout,Curtis,"Fleurs et feuilles se mangent, au goût poivré."
calendula-officinalis,Souci officinal,Calendula officinalis,Astéracées,jardin,05-15,10-31,partout,Köhler,Ses fleurs se ferment par temps couvert.
agapanthus-africanus,Agapanthe,Agapanthus africanus,Amaryllidacées,jardin,07-01,08-31,partout,Curtis,"Le « lis du Nil », originaire d'Afrique du Sud."
cosmos-bipinnatus,Cosmos,Cosmos bipinnatus,Astéracées,jardin,07-01,10-31,partout,Curtis,"Originaire du Mexique ; son nom signifie « ordre, harmonie »."
dahlia-pinnata,Dahlia,Dahlia pinnata,Astéracées,jardin,07-15,10-31,partout,Curtis,"Arrivé du Mexique, d'abord cultivé en Europe pour ses tubercules."
carlina-acaulis,Carline acaule,Carlina acaulis,Astéracées,fleur sauvage,07-15,09-30,montagne,Coste,"Sa fleur se referme par temps humide, comme un baromètre."
leontopodium-nivale,Edelweiss,Leontopodium nivale subsp. alpinum,Astéracées,fleur sauvage,07-01,09-15,montagne,Coste,Son duvet blanc la protège du froid et des UV.
gentiana-lutea,Gentiane jaune,Gentiana lutea,Gentianacées,fleur sauvage,06-15,08-15,montagne,Köhler,Sa racine amère parfume les apéritifs de montagne.
gentiana-acaulis,Gentiane acaule,Gentiana acaulis,Gentianacées,fleur sauvage,04-15,07-15,montagne,Coste,Une trompette bleu profond posée au ras du sol.
rhododendron-ferrugineum,Rhododendron ferrugineux,Rhododendron ferrugineum,Éricacées,arbuste,06-01,08-15,montagne,Coste,"Le « laurier-rose des Alpes », au revers des feuilles couleur rouille."
lilium-martagon,Lis martagon,Lilium martagon,Liliacées,fleur sauvage,06-15,08-15,montagne,Coste,Ses pétales retroussés forment un turban.
arnica-montana,Arnica,Arnica montana,Astéracées,fleur sauvage,06-01,08-15,montagne,Köhler,Célèbre pour soulager les bleus et les coups.
parnassia-palustris,Parnassie des marais,Parnassia palustris,Célastracées,fleur sauvage,07-15,09-30,montagne,Coste,Ses fausses étamines brillantes leurrent les insectes.
aster-amellus,Aster amelle,Aster amellus,Astéracées,fleur sauvage,08-01,10-15,partout,Coste,"Marguerite violette des coteaux calcaires, protégée en France."
symphyotrichum-novi-belgii,Aster d'automne,Symphyotrichum novi-belgii,Astéracées,jardin,09-01,10-31,partout,Curtis,"Nuage mauve des massifs d'automne, venu d'Amérique du Nord."
anemone-hupehensis,Anémone du Japon,Anemone hupehensis var. japonica,Renonculacées,jardin,08-15,10-31,partout,Curtis,"En réalité originaire de Chine, puis cultivée au Japon."
colchicum-autumnale,Colchique d'automne,Colchicum autumnale,Colchicacées,fleur sauvage,08-20,10-15,partout,Köhler,Fleurit sans feuilles ; celles-ci n'apparaîtront qu'au printemps. Très toxique.
calluna-vulgaris,Callune,Calluna vulgaris,Éricacées,arbuste,08-01,10-31,partout,Coste,"La bruyère des landes, qui teinte les collines de rose."
hedera-helix,Lierre grimpant,Hedera helix,Araliacées,arbuste,09-01,11-15,partout,Coste,L'une des dernières sources de nectar pour les insectes avant l'hiver.
cyclamen-hederifolium,Cyclamen de Naples,Cyclamen hederifolium,Primulacées,fleur sauvage,08-20,10-31,partout,Coste,Ses fleurs apparaissent avant ses feuilles marbrées.
spiranthes-spiralis,Spiranthe d'automne,Spiranthes spiralis,Orchidacées,fleur sauvage,08-15,10-10,partout,Coste,Ses petites fleurs blanches s'enroulent en spirale autour de la tige.
prospero-autumnale,Scille d'automne,Prospero autumnale,Asparagacées,fleur sauvage,08-15,10-15,sud,Coste,Petites étoiles mauves dans les pelouses sèches de fin d'été.
crocus-sativus,Crocus à safran,Crocus sativus,Iridacées,jardin,10-01,11-10,partout,Köhler,Il faut environ 150 fleurs pour obtenir un gramme de safran.
sternbergia-lutea,Sternbergia jaune,Sternbergia lutea,Amaryllidacées,jardin,09-01,10-31,partout,Curtis,"Un « crocus » jaune d'automne, en réalité cousin du narcisse."
gentiana-pneumonanthe,Gentiane pneumonanthe,Gentiana pneumonanthe,Gentianacées,fleur sauvage,08-01,10-15,partout,Coste,"Gentiane bleue des landes humides, devenue rare."
succisa-pratensis,Succise des prés,Succisa pratensis,Caprifoliacées,fleur sauvage,08-01,10-15,partout,Coste,"Sa racine semble « mordue », d'où le nom de « mors du diable »."
arbutus-unedo,Arbousier,Arbutus unedo,Éricacées,arbuste,10-15,01-15,sud,Coste,Fleurs et fruits mûrs se côtoient : les fruits mettent un an à mûrir.
osmanthus-heterophyllus,Osmanthe à feuilles de houx,Osmanthus heterophyllus,Oléacées,jardin,09-15,11-15,partout,Curtis,Petites fleurs blanches au parfum puissant en automne.
elaeagnus-ebbingei,Chalef d'Ebbinge,Elaeagnus × ebbingei,Éléagnacées,jardin,10-01,11-30,partout,Curtis,"Fleurs minuscules cachées sous les feuilles, mais un parfum qui trahit leur présence."
chrysanthemum-morifolium,Chrysanthème des jardins,Chrysanthemum × morifolium,Astéracées,jardin,09-15,11-30,partout,Curtis,"Fleur impériale au Japon, emblème du trône du Chrysanthème."
fatsia-japonica,Fatsia du Japon,Fatsia japonica,Araliacées,jardin,10-15,12-15,partout,Curtis,Ombelles de boules blanches en fin d'automne.
