id,rang,fichier,titre,source,auteur,date,licence,page
helleborus-niger,1,planches/helleborus-niger/1.jpg,"File:Helleborus niger trifoliatus - Elleboro trifolio - L'Hellebore noir. (Stinking hell-wore, three leaved) (NYPL b14444147-1130591).tiff",,Scan by NYPL,1772,Public domain,"https://commons.wikimedia.org/wiki/File:Helleborus_niger_trifoliatus_-_Elleboro_trifolio_-_L%27Hellebore_noir._(Stinking_hell-wore,_three_leaved)_(NYPL_b14444147-1130591).tiff"
galanthus-nivalis,1,planches/galanthus-nivalis/1.jpg,File:Galanthus nivalis Sturm49.jpg,Sturm,Johann Georg Sturm (Painter: Jacob Sturm),1796,Public domain,https://commons.wikimedia.org/wiki/File:Galanthus_nivalis_Sturm49.jpg
corylus-avellana,1,planches/corylus-avellana/1.jpg,File:Illustration Corylus avellana0 clean.jpg,Illustration,User:Kilom691,,Public domain,https://commons.wikimedia.org/wiki/File:Illustration_Corylus_avellana0_clean.jpg
viburnum-tinus,1,planches/viburnum-tinus/1.jpg,File:Viburnum tinus00.jpg,,Jacob van Huysum,"1730date QS:P571,+1730-00-00T00:00:00Z/9",Public domain,https://commons.wikimedia.org/wiki/File:Viburnum_tinus00.jpg
mahonia-aquifolium,1,planches/mahonia-aquifolium/1.jpg,File:PSM V45 D621 Berberis aquifolium trifoliata and vulgaris.jpg,,Unknown authorUnknown author,1894,Public domain,https://commons.wikimedia.org/wiki/File:PSM_V45_D621_Berberis_aquifolium_trifoliata_and_vulgaris.jpg
hamamelis-mollis,1,planches/hamamelis-mollis/1.jpg,File:Hamamelis virginiana L. American witchhazel.tiff,,"Britton, N.L., and A. Brown.",2014-03-30 18:27:41,Public domain,https://commons.wikimedia.org/wiki/File:Hamamelis_virginiana_L._American_witchhazel.tiff
lonicera-fragrantissima,1,planches/lonicera-fragrantissima/1.jpg,File:Lonicera fragrantissima 140-8585.jpg,,"M.S. del., J.N.Fitch lith.",1914,Public domain,https://commons.wikimedia.org/wiki/File:Lonicera_fragrantissima_140-8585.jpg
camellia-japonica,1,planches/camellia-japonica/1.jpg,File:Camellia japonica. Camellie du japon LCCN2003665123.jpg,,Popular Graphic Arts,,Public domain,https://commons.wikimedia.org/wiki/File:Camellia_japonica._Camellie_du_japon_LCCN2003665123.jpg
camellia-sasanqua,1,planches/camellia-sasanqua/1.jpg,File:Camellia sasanqua SZ83.png,,Philipp Franz von Siebold and Joseph Gerhard Zuccarini,1870,Public domain,https://commons.wikimedia.org/wiki/File:Camellia_sasanqua_SZ83.png
erica-carnea,1,planches/erica-carnea/1.jpg,File:Erica carnea Atlas Alpenflora.jpg,,Anton Hartinger,1882,Public domain,https://commons.wikimedia.org/wiki/File:Erica_carnea_Atlas_Alpenflora.jpg
ulex-europaeus,1,planches/ulex-europaeus/1.jpg,File:Illustration Ulex europaeus0.jpg,Illustration,,,Public domain,https://commons.wikimedia.org/wiki/File:Illustration_Ulex_europaeus0.jpg
bellis-perennis,1,planches/bellis-perennis/1.jpg,File:Bellis perennis Sturm9.jpg,Sturm,Johann Georg Sturm (Painter: Jacob Sturm),1796,Public domain,https://commons.wikimedia.org/wiki/File:Bellis_perennis_Sturm9.jpg
stellaria-media,1,planches/stellaria-media/1.jpg,File:Stellaria media - Billeder af nordens flora (1917) (19750123373).jpg,,"Mentz, August",1917,Public domain,https://commons.wikimedia.org/wiki/File:Stellaria_media_-_Billeder_af_nordens_flora_(1917)_(19750123373).jpg
senecio-vulgaris,1,planches/senecio-vulgaris/1.jpg,File:Illustration Senecio vulgaris0.png,Illustration,Kurt Stueber,1885,Public domain,https://commons.wikimedia.org/wiki/File:Illustration_Senecio_vulgaris0.png
veronica-persica,1,planches/veronica-persica/1.jpg,File:Veronica persica Sturm47.jpg,Sturm,Johann Georg Sturm (Painter: Jacob Sturm),1796,Public domain,https://commons.wikimedia.org/wiki/File:Veronica_persica_Sturm47.jpg
lamium-purpureum,1,planches/lamium-purpureum/1.jpg,File:Lamium purpureum — Flora Batava — Volume v4.jpg,Flora Batava,Jan Kops,,Public domain,https://commons.wikimedia.org/wiki/File:Lamium_purpureum_%E2%80%94_Flora_Batava_%E2%80%94_Volume_v4.jpg
viola-odorata,1,planches/viola-odorata/1.jpg,File:Viola odorata Sturm56.jpg,Sturm,Johann Georg Sturm (Painter: Jacob Sturm),1796,Public domain,https://commons.wikimedia.org/wiki/File:Viola_odorata_Sturm56.jpg
eranthis-hyemalis,1,planches/eranthis-hyemalis/1.jpg,File:Illustration Eranthis hyemalis clean.jpg,Illustration,"File:Illustration Eranthis hyemalis0.jpg: PLEASE COMPLETE AUTHOR INFORMATION
derivative work: Kenraiz",2024-05-05 20:58,Public domain,https://commons.wikimedia.org/wiki/File:Illustration_Eranthis_hyemalis_clean.jpg
crocus-vernus,1,planches/crocus-vernus/1.jpg,File:Crocus vernus — Flora Batava — Volume v6.jpg,Flora Batava,Jan Kops,,Public domain,https://commons.wikimedia.org/wiki/File:Crocus_vernus_%E2%80%94_Flora_Batava_%E2%80%94_Volume_v6.jpg
acacia-dealbata,1,planches/acacia-dealbata/1.jpg,File:Acacia decurrens.jpg,,S. Edwards,2012-06-02 23:36:28,Public domain,https://commons.wikimedia.org/wiki/File:Acacia_decurrens.jpg
prunus-dulcis,1,planches/prunus-dulcis/1.jpg,File:Illustration Prunus dulcis0.jpg,Illustration,,,Public domain,https://commons.wikimedia.org/wiki/File:Illustration_Prunus_dulcis0.jpg
cornus-mas,1,planches/cornus-mas/1.jpg,File:Cornus mas - Prof. Dr. Thome-s Flora von Deutschland ... (Pl. 391) clean.jpg,Thomé,"Migula, Walter; Thomé, Otto W.",1888,Public domain,https://commons.wikimedia.org/wiki/File:Cornus_mas_-_Prof._Dr._Thome-s_Flora_von_Deutschland_..._(Pl._391)_clean.jpg
daphne-mezereum,1,planches/daphne-mezereum/1.jpg,"File:Daphne mezereum, Thomé-347.png",Thomé,Prof. Dr. Otto Wilhelm Thomé,1885,Public domain,"https://commons.wikimedia.org/wiki/File:Daphne_mezereum,_Thom%C3%A9-347.png"
tussilago-farfara,1,planches/tussilago-farfara/1.jpg,File:Illustration Tussilago farfara0.jpg,Illustration,,,Public domain,https://commons.wikimedia.org/wiki/File:Illustration_Tussilago_farfara0.jpg
ficaria-verna,1,planches/ficaria-verna/1.jpg,File:Ranunculus ficaria — Flora Batava — Volume v1.jpg,Flora Batava,Jan Kops,,Public domain,https://commons.wikimedia.org/wiki/File:Ranunculus_ficaria_%E2%80%94_Flora_Batava_%E2%80%94_Volume_v1.jpg
hepatica-nobilis,1,planches/hepatica-nobilis/1.jpg,File:Illustration Hepatica nobilis0.jpg,Illustration,,,Public domain,https://commons.wikimedia.org/wiki/File:Illustration_Hepatica_nobilis0.jpg
salix-caprea,1,planches/salix-caprea/1.jpg,File:Salix caprea — Flora Batava — Volume v11.jpg,Flora Batava,Jan Kops,,Public domain,https://commons.wikimedia.org/wiki/File:Salix_caprea_%E2%80%94_Flora_Batava_%E2%80%94_Volume_v11.jpg
anemone-nemorosa,1,planches/anemone-nemorosa/1.jpg,File:Anemone nemorosa — Flora Batava — Volume v16.jpg,Flora Batava,Jan Kops,,Public domain,https://commons.wikimedia.org/wiki/File:Anemone_nemorosa_%E2%80%94_Flora_Batava_%E2%80%94_Volume_v16.jpg
anemone-coronaria,1,planches/anemone-coronaria/1.jpg,File:Afbeelding-048-Anemone coronaria.tif,,Abraham Jacobus Wendel,"1868date QS:P571,+1868-00-00T00:00:00Z/9",Public domain,https://commons.wikimedia.org/wiki/File:Afbeelding-048-Anemone_coronaria.tif
pulsatilla-vulgaris,1,planches/pulsatilla-vulgaris/1.jpg,File:Anemone pulsatilla — Flora Batava — Volume v11.jpg,Flora Batava,Jan Kops,,Public domain,https://commons.wikimedia.org/wiki/File:Anemone_pulsatilla_%E2%80%94_Flora_Batava_%E2%80%94_Volume_v11.jpg
prunus-spinosa,1,planches/prunus-spinosa/1.jpg,File:Prunus spinosa — Flora Batava — Volume v6.jpg,Flora Batava,Jan Kops,,Public domain,https://commons.wikimedia.org/wiki/File:Prunus_spinosa_%E2%80%94_Flora_Batava_%E2%80%94_Volume_v6.jpg
taraxacum-officinale,1,planches/taraxacum-officinale/1.jpg,File:Taraxacum officinale - Köhler–s Medizinal-Pflanzen-135.jpg,Köhler,Walther Otto Müller,1887,Public domain,https://commons.wikimedia.org/wiki/File:Taraxacum_officinale_-_K%C3%B6hler%E2%80%93s_Medizinal-Pflanzen-135.jpg
forsythia-intermedia,1,planches/forsythia-intermedia/1.jpg,File:Forsythia viridissima RHS.jpeg,,BernardM,2008-04-27,Public domain,https://commons.wikimedia.org/wiki/File:Forsythia_viridissima_RHS.jpeg
magnolia-soulangeana,1,planches/magnolia-soulangeana/1.jpg,File:Curtis Bot Mag 39 T1621 Magnolia conspicua.jpg,Curtis,"John Sims (1749-1831), Sydenham Edwards (1768-1819)",1814,Public domain,https://commons.wikimedia.org/wiki/File:Curtis_Bot_Mag_39_T1621_Magnolia_conspicua.jpg
narcissus-pseudonarcissus,1,planches/narcissus-pseudonarcissus/1.jpg,File:Narcissus pseudonarcissus - Les liliacées - vol. 3 - t. 158 - clean.jpg,Redouté,Pierre-Joseph Redouté,1802,Public domain,https://commons.wikimedia.org/wiki/File:Narcissus_pseudonarcissus_-_Les_liliac%C3%A9es_-_vol._3_-_t._158_-_clean.jpg
muscari-neglectum,1,planches/muscari-neglectum/1.jpg,File:Illustration Muscari neglectum0.jpg,Illustration,,,Public domain,https://commons.wikimedia.org/wiki/File:Illustration_Muscari_neglectum0.jpg
vinca-minor,1,planches/vinca-minor/1.jpg,File:Vinca minor — Flora Batava — Volume v6.jpg,Flora Batava,Jan Kops,,Public domain,https://commons.wikimedia.org/wiki/File:Vinca_minor_%E2%80%94_Flora_Batava_%E2%80%94_Volume_v6.jpg
primula-veris,1,planches/primula-veris/1.jpg,File:Illustration Primula veris0.jpg,Illustration,Otto Wilhelm Thomé,,Public domain,https://commons.wikimedia.org/wiki/File:Illustration_Primula_veris0.jpg
cardamine-pratensis,1,planches/cardamine-pratensis/1.jpg,File:Cardamine pratensis — Flora Batava — Volume v16.jpg,Flora Batava,Jan Kops,,Public domain,https://commons.wikimedia.org/wiki/File:Cardamine_pratensis_%E2%80%94_Flora_Batava_%E2%80%94_Volume_v16.jpg
glechoma-hederacea,1,planches/glechoma-hederacea/1.jpg,File:Glechoma hederacea — Flora Batava — Volume v5.jpg,Flora Batava,Jan Kops,,Public domain,https://commons.wikimedia.org/wiki/File:Glechoma_hederacea_%E2%80%94_Flora_Batava_%E2%80%94_Volume_v5.jpg
prunus-avium,1,planches/prunus-avium/1.jpg,File:Illustration Prunus avium0 clean.jpg,Illustration,"File:Illustration Prunus avium0.jpg: PLEASE COMPLETE AUTHOR INFORMATION
derivative work: Kenraiz",2024-01-27 20:29,Public domain,https://commons.wikimedia.org/wiki/File:Illustration_Prunus_avium0_clean.jpg
prunus-persica,1,planches/prunus-persica/1.jpg,File:Illustration Prunus persica clean.jpg,Illustration,"File:Illustration Prunus persica0.jpg: PLEASE COMPLETE AUTHOR INFORMATION
derivative work: Kenraiz",2024-02-08 13:08,Public domain,https://commons.wikimedia.org/wiki/File:Illustration_Prunus_persica_clean.jpg
cercis-siliquastrum,1,planches/cercis-siliquastrum/1.jpg,File:Cercis Siliquastrum - Gainier d'Europe. (Judas tree) (NYPL b14485031-1108736).tiff,,Scan by NYPL,1801,Public domain,https://commons.wikimedia.org/wiki/File:Cercis_Siliquastrum_-_Gainier_d%27Europe._(Judas_tree)_(NYPL_b14485031-1108736).tiff
pyrus-communis,1,planches/pyrus-communis/1.jpg,File:Illustration Pyrus communis0.jpg,Illustration,,,Public domain,https://commons.wikimedia.org/wiki/File:Illustration_Pyrus_communis0.jpg
syringa-vulgaris,1,planches/syringa-vulgaris/1.jpg,File:Syringa vulgaris Sturm2.jpg,Sturm,Johann Georg Sturm (Painter: Jacob Sturm),1796,Public domain,https://commons.wikimedia.org/wiki/File:Syringa_vulgaris_Sturm2.jpg
wisteria-sinensis,1,planches/wisteria-sinensis/1.jpg,File:WitteHeinrichFlora1868-011-Wisteria sinensis.png,,Abraham Jacobus Wendel,"1868date QS:P571,+1868-00-00T00:00:00Z/9",Public domain,https://commons.wikimedia.org/wiki/File:WitteHeinrichFlora1868-011-Wisteria_sinensis.png
tulipa-sylvestris,1,planches/tulipa-sylvestris/1.jpg,File:Tulipa sylvestris — Flora Batava — Volume v5.jpg,Flora Batava,Jan Kops,,Public domain,https://commons.wikimedia.org/wiki/File:Tulipa_sylvestris_%E2%80%94_Flora_Batava_%E2%80%94_Volume_v5.jpg
crataegus-monogyna,1,planches/crataegus-monogyna/1.jpg,File:Crataegus monogyna Sturm 08004.jpg,Sturm,Johann Georg Sturm (Painter: Jacob Sturm),1796,Public domain,https://commons.wikimedia.org/wiki/File:Crataegus_monogyna_Sturm_08004.jpg
aesculus-hippocastanum,1,planches/aesculus-hippocastanum/1.jpg,File:Aesculus hippocastanum — Flora Batava — Volume v12.jpg,Flora Batava,Jan Kops,,Public domain,https://commons.wikimedia.org/wiki/File:Aesculus_hippocastanum_%E2%80%94_Flora_Batava_%E2%80%94_Volume_v12.jpg
quercus-robur,1,planches/quercus-robur/1.jpg,File:Illustration Quercus robur0.jpg,Illustration,"Prof. Dr. Otto Wilhelm Thomé Flora von Deutschland, Österreich und der Schweiz 1885, Gera, Germany",1885,Public domain,https://commons.wikimedia.org/wiki/File:Illustration_Quercus_robur0.jpg
acer-campestre,1,planches/acer-campestre/1.jpg,File:Acer campestre — Flora Batava — Volume v15.jpg,Flora Batava,Jan Kops,,Public domain,https://commons.wikimedia.org/wiki/File:Acer_campestre_%E2%80%94_Flora_Batava_%E2%80%94_Volume_v15.jpg
allium-ursinum,1,planches/allium-ursinum/1.jpg,File:Allium ursinum — Flora Batava — Volume v11.jpg,Flora Batava,Jan Kops,,Public domain,https://commons.wikimedia.org/wiki/File:Allium_ursinum_%E2%80%94_Flora_Batava_%E2%80%94_Volume_v11.jpg
convallaria-majalis,1,planches/convallaria-majalis/1.jpg,File:Convallaria majalis — Flora Batava — Volume v1.jpg,Flora Batava,Jan Kops,,Public domain,https://commons.wikimedia.org/wiki/File:Convallaria_majalis_%E2%80%94_Flora_Batava_%E2%80%94_Volume_v1.jpg
hyacinthoides-non-scripta,1,planches/hyacinthoides-non-scripta/1.jpg,File:Hyacinthoides non-scripta Sturm39.jpg,Sturm,Johann Georg Sturm (Painter: Jacob Sturm),1796,Public domain,https://commons.wikimedia.org/wiki/File:Hyacinthoides_non-scripta_Sturm39.jpg
arum-maculatum,1,planches/arum-maculatum/1.jpg,File:Arum maculatum — Flora Batava — Volume v14.jpg,Flora Batava,Jan Kops,,Public domain,https://commons.wikimedia.org/wiki/File:Arum_maculatum_%E2%80%94_Flora_Batava_%E2%80%94_Volume_v14.jpg
polygonatum-multiflorum,1,planches/polygonatum-multiflorum/1.jpg,File:Illustration Polygonatum multiflorum0.jpg,Illustration,,,Public domain,https://commons.wikimedia.org/wiki/File:Illustration_Polygonatum_multiflorum0.jpg
stellaria-holostea,1,planches/stellaria-holostea/1.jpg,File:Stellaria holostea — Flora Batava — Volume v4.jpg,Flora Batava,Jan Kops,,Public domain,https://commons.wikimedia.org/wiki/File:Stellaria_holostea_%E2%80%94_Flora_Batava_%E2%80%94_Volume_v4.jpg
alliaria-petiolata,1,planches/alliaria-petiolata/1.jpg,File:Alliaria petiolata drawing.png,,"Britton, N.L., and A. Brown. 1913. Illustrated flora of the northern states and Canada. Vol. 2: 170. Courtesy of Kentuck",1913,Public domain,https://commons.wikimedia.org/wiki/File:Alliaria_petiolata_drawing.png
anthriscus-sylvestris,1,planches/anthriscus-sylvestris/1.jpg,File:Anthriscus sylvestris (Köhler's Medizinal-Pflanzen).jpg,Köhler,"Franz Eugen Köhler, Köhler's Medizinal-Pflanzen; Max Vogtherr; M. Gurke;

https://www.biodiversitylibrary.org/bibliograp",1883,Public domain,https://commons.wikimedia.org/wiki/File:Anthriscus_sylvestris_(K%C3%B6hler%27s_Medizinal-Pflanzen).jpg
ajuga-reptans,1,planches/ajuga-reptans/1.jpg,File:Ajuga reptans — Flora Batava — Volume v20.jpg,Flora Batava,Jan Kops,,Public domain,https://commons.wikimedia.org/wiki/File:Ajuga_reptans_%E2%80%94_Flora_Batava_%E2%80%94_Volume_v20.jpg
fragaria-vesca,1,planches/fragaria-vesca/1.jpg,File:Fragaria vesca — Flora Batava — Volume v8.jpg,Flora Batava,Jan Kops,,Public domain,https://commons.wikimedia.org/wiki/File:Fragaria_vesca_%E2%80%94_Flora_Batava_%E2%80%94_Volume_v8.jpg
ranunculus-acris,1,planches/ranunculus-acris/1.jpg,File:Ranunculus acris & lanuginosus - Sturm.png,Sturm,Johann Georg Sturm (Painter: Jacob Sturm),1796,Public domain,https://commons.wikimedia.org/wiki/File:Ranunculus_acris_%26_lanuginosus_-_Sturm.png
anacamptis-morio,1,planches/anacamptis-morio/1.jpg,File:Orchis morio — Flora Batava — Volume v7.jpg,Flora Batava,Jan Kops,,Public domain,https://commons.wikimedia.org/wiki/File:Orchis_morio_%E2%80%94_Flora_Batava_%E2%80%94_Volume_v7.jpg
orchis-purpurea,1,planches/orchis-purpurea/1.jpg,File:Illustration Orchis purpurea0.jpg,Illustration,,,Public domain,https://commons.wikimedia.org/wiki/File:Illustration_Orchis_purpurea0.jpg
ophrys-apifera,1,planches/ophrys-apifera/1.jpg,File:Ophrys apifera (as Ophrys arachnites) - Curtis' 51 pl. 2516 (1824).jpg,Curtis,"J. Curtis del., Weddell sc.",1824,Public domain,https://commons.wikimedia.org/wiki/File:Ophrys_apifera_(as_Ophrys_arachnites)_-_Curtis%27_51_pl._2516_(1824).jpg
geranium-robertianum,1,planches/geranium-robertianum/1.jpg,File:Geranium robertianum — Flora Batava — Volume v1.jpg,Flora Batava,Jan Kops,,Public domain,https://commons.wikimedia.org/wiki/File:Geranium_robertianum_%E2%80%94_Flora_Batava_%E2%80%94_Volume_v1.jpg
myosotis-arvensis,1,planches/myosotis-arvensis/1.jpg,File:Myosotis arvensis — Flora Batava — Volume v5.jpg,Flora Batava,Jan Kops,,Public domain,https://commons.wikimedia.org/wiki/File:Myosotis_arvensis_%E2%80%94_Flora_Batava_%E2%80%94_Volume_v5.jpg
silene-dioica,1,planches/silene-dioica/1.jpg,"File:Silene dioica (Masclef et al. 1891, Tome 2, planche 47) clean.png",,Amédée Masclef,2018-12-14,Public domain,"https://commons.wikimedia.org/wiki/File:Silene_dioica_(Masclef_et_al._1891,_Tome_2,_planche_47)_clean.png"
cytisus-scoparius,1,planches/cytisus-scoparius/1.jpg,File:Illustration Cytisus scoparius0.jpg,Illustration,,,Public domain,https://commons.wikimedia.org/wiki/File:Illustration_Cytisus_scoparius0.jpg
thymus-vulgaris,1,planches/thymus-vulgaris/1.jpg,"File:Thymus vulgaris, folio latiore - Thymus durius - Timo - Thym commun. (Garden Thyme, Common Thyme) (NYPL b14444147-1125200).tiff",,Scan by NYPL,1772,Public domain,"https://commons.wikimedia.org/wiki/File:Thymus_vulgaris,_folio_latiore_-_Thymus_durius_-_Timo_-_Thym_commun._(Garden_Thyme,_Common_Thyme)_(NYPL_b14444147-1125200).tiff"
salvia-rosmarinus,1,planches/salvia-rosmarinus/1.jpg,File:Illustration Rosmarinus officinalis0.jpg,Illustration,,,Public domain,https://commons.wikimedia.org/wiki/File:Illustration_Rosmarinus_officinalis0.jpg
cistus-albidus,1,planches/cistus-albidus/1.jpg,File:Gc13 cistus albidus.jpg,,Hans-Simon Holtzbecker,"between 1649 and 1659date QS:P,+1650-00-",Public domain,https://commons.wikimedia.org/wiki/File:Gc13_cistus_albidus.jpg
iris-germanica,1,planches/iris-germanica/1.jpg,File:Illustration Iris germanica0.jpg,Illustration,,,Public domain,https://commons.wikimedia.org/wiki/File:Illustration_Iris_germanica0.jpg
paeonia-officinalis,1,planches/paeonia-officinalis/1.jpg,File:Paeonia officinalis Anemoniflora Bot. Mag. 59. 3175. 1832.jpg,,W.J. Hooker,1832,Public domain,https://commons.wikimedia.org/wiki/File:Paeonia_officinalis_Anemoniflora_Bot._Mag._59._3175._1832.jpg
iris-pseudacorus,1,planches/iris-pseudacorus/1.jpg,File:Iris pseudacorus — Flora Batava — Volume v5.jpg,Flora Batava,Jan Kops,,Public domain,https://commons.wikimedia.org/wiki/File:Iris_pseudacorus_%E2%80%94_Flora_Batava_%E2%80%94_Volume_v5.jpg
aquilegia-vulgaris,1,planches/aquilegia-vulgaris/1.jpg,File:Aquilegia vulgaris — Flora Batava — Volume v20.jpg,Flora Batava,Jan Kops,,Public domain,https://commons.wikimedia.org/wiki/File:Aquilegia_vulgaris_%E2%80%94_Flora_Batava_%E2%80%94_Volume_v20.jpg
sambucus-nigra,1,planches/sambucus-nigra/1.jpg,File:Sambucus nigra — Flora Batava — Volume v6.jpg,Flora Batava,Jan Kops,,Public domain,https://commons.wikimedia.org/wiki/File:Sambucus_nigra_%E2%80%94_Flora_Batava_%E2%80%94_Volume_v6.jpg
robinia-pseudoacacia,1,planches/robinia-pseudoacacia/1.jpg,File:NAS-076 Robinia pseudoacacia.png,,"François André Michaux (book author), Augustus Lucas Hillhouse (translator), iii (illustrator), eee (engraver)",1819,Public domain,https://commons.wikimedia.org/wiki/File:NAS-076_Robinia_pseudoacacia.png
papaver-rhoeas,1,planches/papaver-rhoeas/1.jpg,File:Papaver rhoeas — Flora Batava — Volume v4.jpg,Flora Batava,Jan Kops,,Public domain,https://commons.wikimedia.org/wiki/File:Papaver_rhoeas_%E2%80%94_Flora_Batava_%E2%80%94_Volume_v4.jpg
centaurea-cyanus,1,planches/centaurea-cyanus/1.jpg,File:Centaurea cyanus — Flora Batava — Volume v5.jpg,Flora Batava,Jan Kops,,Public domain,https://commons.wikimedia.org/wiki/File:Centaurea_cyanus_%E2%80%94_Flora_Batava_%E2%80%94_Volume_v5.jpg
leucanthemum-vulgare,1,planches/leucanthemum-vulgare/1.jpg,File:Leucanthemum vulgare Sturm13050.jpg,Sturm,Johann Georg Sturm (Painter: Jacob Sturm),1796,Public domain,https://commons.wikimedia.org/wiki/File:Leucanthemum_vulgare_Sturm13050.jpg
agrostemma-githago,1,planches/agrostemma-githago/1.jpg,File:Illustration Agrostemma githago0.jpg,Illustration,,,Public domain,https://commons.wikimedia.org/wiki/File:Illustration_Agrostemma_githago0.jpg
rosa-canina,1,planches/rosa-canina/1.jpg,File:Rosa canina — Flora Batava — Volume v4.jpg,Flora Batava,Jan Kops,,Public domain,https://commons.wikimedia.org/wiki/File:Rosa_canina_%E2%80%94_Flora_Batava_%E2%80%94_Volume_v4.jpg
rosa-gallica,1,planches/rosa-gallica/1.jpg,File:Henry Joseph Redouté - Agatha Rose (Rosa Gallica Agatha) - 1959.20 - Cleveland Museum of Art.tif,Redouté,Henry Joseph Redouté,"between 1817 and 1824date QS:P571,+1850-",CC0,https://commons.wikimedia.org/wiki/File:Henry_Joseph_Redout%C3%A9_-_Agatha_Rose_(Rosa_Gallica_Agatha)_-_1959.20_-_Cleveland_Museum_of_Art.tif
papaver-orientale,1,planches/papaver-orientale/1.jpg,"File:Papaver Orientale hirsutissimum, flore magno Coroll Inst Rei herb 17 - Tournefort Joseph Pitton De - 1717.jpg",,Joseph Pitton de Tournefort,1717,Public domain,"https://commons.wikimedia.org/wiki/File:Papaver_Orientale_hirsutissimum,_flore_magno_Coroll_Inst_Rei_herb_17_-_Tournefort_Joseph_Pitton_De_-_1717.jpg"
philadelphus-coronarius,1,planches/philadelphus-coronarius/1.jpg,File:Syringa x persica; Philadelphus coronarius; Syringa vulgaris.jpg,,Hans-Simon Holtzbecker / Johannes Simon Holtzbecker,"between 1649 and 1659date QS:P571,+1650-",Public domain,https://commons.wikimedia.org/wiki/File:Syringa_x_persica;_Philadelphus_coronarius;_Syringa_vulgaris.jpg
cornus-sanguinea,1,planches/cornus-sanguinea/1.jpg,File:Cornus sanguinea — Flora Batava — Volume v2.jpg,Flora Batava,Jan Kops,,Public domain,https://commons.wikimedia.org/wiki/File:Cornus_sanguinea_%E2%80%94_Flora_Batava_%E2%80%94_Volume_v2.jpg
viburnum-opulus,1,planches/viburnum-opulus/1.jpg,File:Illustration Viburnum opulus0.jpg,Illustration,,,Public domain,https://commons.wikimedia.org/wiki/File:Illustration_Viburnum_opulus0.jpg
salvia-pratensis,1,planches/salvia-pratensis/1.jpg,File:Salvia pratensis — Flora Batava — Volume v4.jpg,Flora Batava,Jan Kops,,Public domain,https://commons.wikimedia.org/wiki/File:Salvia_pratensis_%E2%80%94_Flora_Batava_%E2%80%94_Volume_v4.jpg
trifolium-pratense,1,planches/trifolium-pratense/1.jpg,File:Trifolium pratense — Flora Batava — Volume v5.jpg,Flora Batava,Jan Kops,,Public domain,https://commons.wikimedia.org/wiki/File:Trifolium_pratense_%E2%80%94_Flora_Batava_%E2%80%94_Volume_v5.jpg
lotus-corniculatus,1,planches/lotus-corniculatus/1.jpg,File:Illustration Lotus corniculatus0.jpg,Illustration,,,Public domain,https://commons.wikimedia.org/wiki/File:Illustration_Lotus_corniculatus0.jpg
silene-vulgaris,1,planches/silene-vulgaris/1.jpg,File:Silene vulgaris WFNY-052.jpg,,"Homer D. House, New York State Botanist.  Walter B. Starr of the Matthews-Northrup Company, Buffalo, and Harold H. Snyde",1918,Public domain,https://commons.wikimedia.org/wiki/File:Silene_vulgaris_WFNY-052.jpg
geranium-sanguineum,1,planches/geranium-sanguineum/1.jpg,"File:The American Flora. Vol. 3, 1855 - pl. 17 Geranium sanguineum (10172322036).jpg",,"AnonymousUnknown author [illustrator not stated, no signature]",1855,Public domain,"https://commons.wikimedia.org/wiki/File:The_American_Flora._Vol._3,_1855_-_pl._17_Geranium_sanguineum_(10172322036).jpg"
nigella-damascena,1,planches/nigella-damascena/1.jpg,File:Nigella damascena 1787.jpg,,Sydenham Edwards / William Curtis,1787,Public domain,https://commons.wikimedia.org/wiki/File:Nigella_damascena_1787.jpg
spartium-junceum,1,planches/spartium-junceum/1.jpg,File:Naturalis Biodiversity Center - RMNH.ART.683 - Spartium junceum - Yūshi Ishizaki - Cock Blomhoff Collection - pencil drawing - water colour.jpg,,Ishizaki Yūshi,,Public domain,https://commons.wikimedia.org/wiki/File:Naturalis_Biodiversity_Center_-_RMNH.ART.683_-_Spartium_junceum_-_Y%C5%ABshi_Ishizaki_-_Cock_Blomhoff_Collection_-_pencil_drawing_-_water_colour.jpg
olea-europaea,1,planches/olea-europaea/1.jpg,File:Illustration Olea europaea0.jpg,Illustration,,,Public domain,https://commons.wikimedia.org/wiki/File:Illustration_Olea_europaea0.jpg
vitis-vinifera,1,planches/vitis-vinifera/1.jpg,File:Illustration Vitis vinifera0.jpg,Illustration,,,Public domain,https://commons.wikimedia.org/wiki/File:Illustration_Vitis_vinifera0.jpg
symphytum-officinale,1,planches/symphytum-officinale/1.jpg,File:Symphytum officinale - Köhler–s Medizinal-Pflanzen-268.jpg,Köhler,Walther Otto Müller,1897,Public domain,https://commons.wikimedia.org/wiki/File:Symphytum_officinale_-_K%C3%B6hler%E2%80%93s_Medizinal-Pflanzen-268.jpg
matricaria-chamomilla,1,planches/matricaria-chamomilla/1.jpg,File:Matricaria recutita - Köhler–s Medizinal-Pflanzen-091.jpg,Köhler,"Franz Eugen Köhler, in Köhler's Medizinal-Pflanzen",published in 1887,Public domain,https://commons.wikimedia.org/wiki/File:Matricaria_recutita_-_K%C3%B6hler%E2%80%93s_Medizinal-Pflanzen-091.jpg
borago-officinalis,1,planches/borago-officinalis/1.jpg,File:Borago officinalis — Flora Batava — Volume v12.jpg,Flora Batava,Jan Kops,,Public domain,https://commons.wikimedia.org/wiki/File:Borago_officinalis_%E2%80%94_Flora_Batava_%E2%80%94_Volume_v12.jpg
echium-vulgare,1,planches/echium-vulgare/1.jpg,File:Illustration Echium vulgare0.jpg,Illustration,,,Public domain,https://commons.wikimedia.org/wiki/File:Illustration_Echium_vulgare0.jpg
malva-sylvestris,1,planches/malva-sylvestris/1.jpg,File:Malva sylvestris - Köhler–s Medizinal-Pflanzen-222.jpg,Köhler,"Köhler, F. E. (Franz Eugen)",1887,Public domain,https://commons.wikimedia.org/wiki/File:Malva_sylvestris_-_K%C3%B6hler%E2%80%93s_Medizinal-Pflanzen-222.jpg
tilia-cordata,1,planches/tilia-cordata/1.jpg,File:Tilia cordata Sturm62.jpg,Sturm,Johann Georg Sturm (Painter: Jacob Sturm),1796,Public domain,https://commons.wikimedia.org/wiki/File:Tilia_cordata_Sturm62.jpg
castanea-sativa,1,planches/castanea-sativa/1.jpg,File:Illustration Castanea sativa0.jpg,Illustration,,,Public domain,https://commons.wikimedia.org/wiki/File:Illustration_Castanea_sativa0.jpg
ligustrum-vulgare,1,planches/ligustrum-vulgare/1.jpg,File:Ligustrum vulgare — Flora Batava — Volume v11.jpg,Flora Batava,Jan Kops,,Public domain,https://commons.wikimedia.org/wiki/File:Ligustrum_vulgare_%E2%80%94_Flora_Batava_%E2%80%94_Volume_v11.jpg
lonicera-periclymenum,1,planches/lonicera-periclymenum/1.jpg,File:Lonicera periclymenum — Flora Batava — Volume v1.jpg,Flora Batava,Jan Kops,,Public domain,https://commons.wikimedia.org/wiki/File:Lonicera_periclymenum_%E2%80%94_Flora_Batava_%E2%80%94_Volume_v1.jpg
digitalis-purpurea,1,planches/digitalis-purpurea/1.jpg,File:Digitalis purpurea Koehler drawing.jpg,Köhler,Walther Otto Müller,14 January 2011 (upload date),Public domain,https://commons.wikimedia.org/wiki/File:Digitalis_purpurea_Koehler_drawing.jpg
lilium-candidum,1,planches/lilium-candidum/1.jpg,File:Lilium candidum in Les liliacees.jpg,,Pierre-Joseph Redouté,2012-09-14 19:14:45,Public domain,https://commons.wikimedia.org/wiki/File:Lilium_candidum_in_Les_liliacees.jpg
hemerocallis-fulva,1,planches/hemerocallis-fulva/1.jpg,File:Illustration Hemerocallis fulva0.jpg,Illustration,Otto Wilhelm Thomé,1885,Public domain,https://commons.wikimedia.org/wiki/File:Illustration_Hemerocallis_fulva0.jpg
alcea-rosea,1,planches/alcea-rosea/1.jpg,File:Althaea rosea (Köhler).jpg,Köhler,Hermann Adolf Köhler (1834 - 1879),printed 1887,Public domain,https://commons.wikimedia.org/wiki/File:Althaea_rosea_(K%C3%B6hler).jpg
jasminum-officinale,1,planches/jasminum-officinale/1.jpg,File:Jasminum officinale 1787.jpg,,James Sowerby / William Curtis,1787,Public domain,https://commons.wikimedia.org/wiki/File:Jasminum_officinale_1787.jpg
lavandula-angustifolia,1,planches/lavandula-angustifolia/1.jpg,File:Illustration Lavandula angustifolia0.jpg,Illustration,,,Public domain,https://commons.wikimedia.org/wiki/File:Illustration_Lavandula_angustifolia0.jpg
nerium-oleander,1,planches/nerium-oleander/1.jpg,File:Nerium oleander - Nerion laurier-rose (NYPL b14485031-1109335).tiff,,Scan by NYPL,1801,Public domain,https://commons.wikimedia.org/wiki/File:Nerium_oleander_-_Nerion_laurier-rose_(NYPL_b14485031-1109335).tiff
punica-granatum,1,planches/punica-granatum/1.jpg,File:Punica granatum simp et pl.jpg,,Hans-Simon Holtzbecker / Johannes Simon Holtzbecker,"between 1649 and 1659date QS:P571,+1650-",Public domain,https://commons.wikimedia.org/wiki/File:Punica_granatum_simp_et_pl.jpg
magnolia-grandiflora,1,planches/magnolia-grandiflora/1.jpg,File:NAS-051 Magnolia grandiflora.png,,"François André Michaux (book author), Augustus Lucas Hillhouse (translator), iii (illustrator), eee (engraver)",1819,Public domain,https://commons.wikimedia.org/wiki/File:NAS-051_Magnolia_grandiflora.png
catalpa-bignonioides,1,planches/catalpa-bignonioides/1.jpg,File:NAS-064 Catalpa bignonioides.png,,"François André Michaux (book author), Augustus Lucas Hillhouse (translator), iii (illustrator), eee (engraver)",1819,Public domain,https://commons.wikimedia.org/wiki/File:NAS-064_Catalpa_bignonioides.png
albizia-julibrissin,1,planches/albizia-julibrissin/1.jpg,File:Naturalis Biodiversity Center - RMNH.ART.835 - Albizia julibrissin - Yūshi Ishizaki - Cock Blomhoff Collection - pencil drawing - water colour.jpg,,Ishizaki Yūshi,,Public domain,https://commons.wikimedia.org/wiki/File:Naturalis_Biodiversity_Center_-_RMNH.ART.835_-_Albizia_julibrissin_-_Y%C5%ABshi_Ishizaki_-_Cock_Blomhoff_Collection_-_pencil_drawing_-_water_colour.jpg
hypericum-perforatum,1,planches/hypericum-perforatum/1.jpg,File:Hypericum perforatum — Flora Batava — Volume v7.jpg,Flora Batava,Jan Kops,,Public domain,https://commons.wikimedia.org/wiki/File:Hypericum_perforatum_%E2%80%94_Flora_Batava_%E2%80%94_Volume_v7.jpg
achillea-millefolium,1,planches/achillea-millefolium/1.jpg,File:Achillea millefolium - Köhler–s Medizinal-Pflanzen-149.jpg,Köhler,"Franz Eugen Köhler, Köhler's Medizinal-Pflanzen",1897,Public domain,https://commons.wikimedia.org/wiki/File:Achillea_millefolium_-_K%C3%B6hler%E2%80%93s_Medizinal-Pflanzen-149.jpg
daucus-carota,1,planches/daucus-carota/1.jpg,File:Daucus carota - Prof. Dr. Thomé-s Flora von Deutschland (Pl. 386) clean.jpg,Thomé,"Migula, Walter; Thomé, Otto W.",1888,Public domain,https://commons.wikimedia.org/wiki/File:Daucus_carota_-_Prof._Dr._Thom%C3%A9-s_Flora_von_Deutschland_(Pl._386)_clean.jpg
convolvulus-arvensis,1,planches/convolvulus-arvensis/1.jpg,File:Illustration Convolvulus arvensis0.jpg,Illustration,,,Public domain,https://commons.wikimedia.org/wiki/File:Illustration_Convolvulus_arvensis0.jpg
calystegia-sepium,1,planches/calystegia-sepium/1.jpg,File:Convolvulus sepium — Flora Batava — Volume v19.jpg,Flora Batava,Jan Kops,,Public domain,https://commons.wikimedia.org/wiki/File:Convolvulus_sepium_%E2%80%94_Flora_Batava_%E2%80%94_Volume_v19.jpg
filipendula-ulmaria,1,planches/filipendula-ulmaria/1.jpg,File:Illustration Filipendula ulmaria0.jpg,Illustration,,,Public domain,https://commons.wikimedia.org/wiki/File:Illustration_Filipendula_ulmaria0.jpg
valeriana-officinalis,1,planches/valeriana-officinalis/1.jpg,File:Valeriana officinalis - Köhler–s Medizinal-Pflanzen-143 clean.jpg,Köhler,"Franz Eugen Köhler, Köhler's Medizinal-Pflanzen",1897,Public domain,https://commons.wikimedia.org/wiki/File:Valeriana_officinalis_-_K%C3%B6hler%E2%80%93s_Medizinal-Pflanzen-143_clean.jpg
melissa-officinalis,1,planches/melissa-officinalis/1.jpg,File:Illustration Melissa officinalis0.jpg,Illustration,"Prof. Dr. Otto Wilhelm Thomé Flora von Deutschland, Österreich und der Schweiz 1885, Gera, Germany",2010-04-12 12:40,Public domain,https://commons.wikimedia.org/wiki/File:Illustration_Melissa_officinalis0.jpg
verbena-officinalis,1,planches/verbena-officinalis/1.jpg,File:Verbena officinalis — Flora Batava — Volume v1.jpg,Flora Batava,Jan Kops,,Public domain,https://commons.wikimedia.org/wiki/File:Verbena_officinalis_%E2%80%94_Flora_Batava_%E2%80%94_Volume_v1.jpg
verbascum-thapsus,1,planches/verbascum-thapsus/1.jpg,File:Verbascum thapsus — Flora Batava — Volume v3.jpg,Flora Batava,Jan Kops,,Public domain,https://commons.wikimedia.org/wiki/File:Verbascum_thapsus_%E2%80%94_Flora_Batava_%E2%80%94_Volume_v3.jpg
lathyrus-latifolius,1,planches/lathyrus-latifolius/1.jpg,File:Afbeelding-062-Lathyrus latifolius.tif,,Abraham Jacobus Wendel,"1868date QS:P571,+1868-00-00T00:00:00Z/9",Public domain,https://commons.wikimedia.org/wiki/File:Afbeelding-062-Lathyrus_latifolius.tif
consolida-regalis,1,planches/consolida-regalis/1.jpg,File:Delphinium consolida — Flora Batava — Volume v9.jpg,Flora Batava,Jan Kops,,Public domain,https://commons.wikimedia.org/wiki/File:Delphinium_consolida_%E2%80%94_Flora_Batava_%E2%80%94_Volume_v9.jpg
nymphaea-alba,1,planches/nymphaea-alba/1.jpg,File:Nymphaea alba — Flora Batava — Volume v7.jpg,Flora Batava,Jan Kops,,Public domain,https://commons.wikimedia.org/wiki/File:Nymphaea_alba_%E2%80%94_Flora_Batava_%E2%80%94_Volume_v7.jpg
lythrum-salicaria,1,planches/lythrum-salicaria/1.jpg,File:Lythrum salicaria — Flora Batava — Volume v4.jpg,Flora Batava,Jan Kops,,Public domain,https://commons.wikimedia.org/wiki/File:Lythrum_salicaria_%E2%80%94_Flora_Batava_%E2%80%94_Volume_v4.jpg
chamaenerion-angustifolium,1,planches/chamaenerion-angustifolium/1.jpg,File:Epilobium angustifolium — Flora Batava — Volume v19.jpg,Flora Batava,Jan Kops,,Public domain,https://commons.wikimedia.org/wiki/File:Epilobium_angustifolium_%E2%80%94_Flora_Batava_%E2%80%94_Volume_v19.jpg
oenothera-biennis,1,planches/oenothera-biennis/1.jpg,File:Oenothera biennis — Flora Batava — Volume v10.jpg,Flora Batava,Jan Kops,,Public domain,https://commons.wikimedia.org/wiki/File:Oenothera_biennis_%E2%80%94_Flora_Batava_%E2%80%94_Volume_v10.jpg
knautia-arvensis,1,planches/knautia-arvensis/1.jpg,File:Illustration Knautia arvensis0.jpg,Illustration,Otto Wilhelm Thomé,1925,Public domain,https://commons.wikimedia.org/wiki/File:Illustration_Knautia_arvensis0.jpg
scabiosa-columbaria,1,planches/scabiosa-columbaria/1.jpg,File:Scabiosa columbaria — Flora Batava — Volume v3.jpg,Flora Batava,Jan Kops,,Public domain,https://commons.wikimedia.org/wiki/File:Scabiosa_columbaria_%E2%80%94_Flora_Batava_%E2%80%94_Volume_v3.jpg
campanula-rotundifolia,1,planches/campanula-rotundifolia/1.jpg,File:Campanula rotundifolia — Flora Batava — Volume v4.jpg,Flora Batava,Jan Kops,,Public domain,https://commons.wikimedia.org/wiki/File:Campanula_rotundifolia_%E2%80%94_Flora_Batava_%E2%80%94_Volume_v4.jpg
clematis-vitalba,1,planches/clematis-vitalba/1.jpg,File:Clematis vitalba — Flora Batava — Volume v12.jpg,Flora Batava,Jan Kops,,Public domain,https://commons.wikimedia.org/wiki/File:Clematis_vitalba_%E2%80%94_Flora_Batava_%E2%80%94_Volume_v12.jpg
humulus-lupulus,1,planches/humulus-lupulus/1.jpg,File:Illustration Humulus lupulus0.jpg,Illustration,,,Public domain,https://commons.wikimedia.org/wiki/File:Illustration_Humulus_lupulus0.jpg
cichorium-intybus,1,planches/cichorium-intybus/1.jpg,File:Illustration Cichorium intybus0.jpg,Illustration,,,Public domain,https://commons.wikimedia.org/wiki/File:Illustration_Cichorium_intybus0.jpg
tanacetum-vulgare,1,planches/tanacetum-vulgare/1.jpg,File:Illustration Tanacetum vulgare0.jpg,Illustration,Prof. Dr. Otto Wilhelm Thomé (1840–1925),1885,Public domain,https://commons.wikimedia.org/wiki/File:Illustration_Tanacetum_vulgare0.jpg
dipsacus-fullonum,1,planches/dipsacus-fullonum/1.jpg,File:Dipsacus sylvestris (modern=Dipsacus fullonum) - Pl0187 - FloraBatava-KB-v03.jpg,,Georgius Jacobus Johannes van Os,,Public domain,https://commons.wikimedia.org/wiki/File:Dipsacus_sylvestris_(modern%3DDipsacus_fullonum)_-_Pl0187_-_FloraBatava-KB-v03.jpg
mentha-aquatica,1,planches/mentha-aquatica/1.jpg,File:Mentha aquatica var. capitata — Flora Batava — Volume v8.jpg,Flora Batava,Jan Kops,,Public domain,https://commons.wikimedia.org/wiki/File:Mentha_aquatica_var._capitata_%E2%80%94_Flora_Batava_%E2%80%94_Volume_v8.jpg
origanum-vulgare,1,planches/origanum-vulgare/1.jpg,File:Illustration Origanum vulgare0.jpg,Illustration,,,Public domain,https://commons.wikimedia.org/wiki/File:Illustration_Origanum_vulgare0.jpg
helianthus-annuus,1,planches/helianthus-annuus/1.jpg,File:Helianthus annuus - 001x.jpg,,Oceancetaceen - Alice Chodura,2015-09-19,Public domain,https://commons.wikimedia.org/wiki/File:Helianthus_annuus_-_001x.jpg
lagerstroemia-indica,1,planches/lagerstroemia-indica/1.jpg,File:Lagerstroemia indica Blanco1.207.png,,Francisco Manuel Blanco (O.S.A.),1880-1883?,Public domain,https://commons.wikimedia.org/wiki/File:Lagerstroemia_indica_Blanco1.207.png
passiflora-caerulea,1,planches/passiflora-caerulea/1.jpg,File:Passiflora caerulea (dessin).jpg,,Georges Boucher & S. Mottet,2011-12-10,Public domain,https://commons.wikimedia.org/wiki/File:Passiflora_caerulea_(dessin).jpg
tropaeolum-majus,1,planches/tropaeolum-majus/1.jpg,"File:The American Flora. Vol. 1, 1855 - pl. 23 Tropaeolum majus (6021776775).jpg",,"AnonymousUnknown author [illustrator not stated, no signature]",1855,Public domain,"https://commons.wikimedia.org/wiki/File:The_American_Flora._Vol._1,_1855_-_pl._23_Tropaeolum_majus_(6021776775).jpg"
calendula-officinalis,1,planches/calendula-officinalis/1.jpg,File:Illustration Calendula officinalis0.jpg,Illustration,,,Public domain,https://commons.wikimedia.org/wiki/File:Illustration_Calendula_officinalis0.jpg
agapanthus-africanus,1,planches/agapanthus-africanus/1.jpg,File:Agapanthus africanus moriarty.jpg,,Henrietta Maria Moriarty,1807,Public domain,https://commons.wikimedia.org/wiki/File:Agapanthus_africanus_moriarty.jpg
cosmos-bipinnatus,1,planches/cosmos-bipinnatus/1.jpg,File:Cosmos bipinnatus - 001x.jpg,,Oceancetaceen - Alice Chodura,2015-09-19,Public domain,https://commons.wikimedia.org/wiki/File:Cosmos_bipinnatus_-_001x.jpg
dahlia-pinnata,1,planches/dahlia-pinnata/1.jpg,File:Dahlia pinnata - 001x.jpg,,Oceancetaceen - Alice Chodura,2015-09-19,Public domain,https://commons.wikimedia.org/wiki/File:Dahlia_pinnata_-_001x.jpg
carlina-acaulis,1,planches/carlina-acaulis/1.jpg,File:Illustration Carlina acaulis0.jpg,Illustration,,,Public domain,https://commons.wikimedia.org/wiki/File:Illustration_Carlina_acaulis0.jpg
leontopodium-nivale,1,planches/leontopodium-nivale/1.jpg,File:Illustration Leontopodium alpinum0.jpg,Illustration,Permission granted to use under GFDL by Kurt Stueber,"circa 1885date QS:P,+1885-00-00T00:00:00",Public domain,https://commons.wikimedia.org/wiki/File:Illustration_Leontopodium_alpinum0.jpg
gentiana-lutea,1,planches/gentiana-lutea/1.jpg,File:Gentiana lutea - Köhler–s Medizinal-Pflanzen-066.jpg,Köhler,"Franz Eugen Köhler, Köhler's Medizinal-Pflanzen",1897,Public domain,https://commons.wikimedia.org/wiki/File:Gentiana_lutea_-_K%C3%B6hler%E2%80%93s_Medizinal-Pflanzen-066.jpg
gentiana-acaulis,1,planches/gentiana-acaulis/1.jpg,File:Illustration Gentiana acaulis.jpg,Illustration,Prof. Dr. Otto Wilhelm Thomé,"1885, Gera, Germany",Public domain,https://commons.wikimedia.org/wiki/File:Illustration_Gentiana_acaulis.jpg
lilium-martagon,1,planches/lilium-martagon/1.jpg,File:Lilium martagon — Flora Batava — Volume v16.jpg,Flora Batava,Jan Kops,,Public domain,https://commons.wikimedia.org/wiki/File:Lilium_martagon_%E2%80%94_Flora_Batava_%E2%80%94_Volume_v16.jpg
arnica-montana,1,planches/arnica-montana/1.jpg,File:Arnica montana - Köhler–s Medizinal-Pflanzen-015.jpg,Köhler,"Franz Eugen Köhler, Köhlers Medizinal-Pflanzen",1897,Public domain,https://commons.wikimedia.org/wiki/File:Arnica_montana_-_K%C3%B6hler%E2%80%93s_Medizinal-Pflanzen-015.jpg
parnassia-palustris,1,planches/parnassia-palustris/1.jpg,File:Illustration Parnassia palustris0.jpg,Illustration,,,Public domain,https://commons.wikimedia.org/wiki/File:Illustration_Parnassia_palustris0.jpg
aster-amellus,1,planches/aster-amellus/1.jpg,File:Aster amellus Sturm6.jpg,Sturm,Johann Georg Sturm (Painter: Jacob Sturm),1796,Public domain,https://commons.wikimedia.org/wiki/File:Aster_amellus_Sturm6.jpg
symphyotrichum-novi-belgii,1,planches/symphyotrichum-novi-belgii/1.jpg,File:Symphyotrichum novi-belgii var novi-belgii BB-1913-2.png,,"Britton, N.L., and A. Brown. 1913. An illustrated flora of the northern United States, Canada and the British Possession",1913,Public domain,https://commons.wikimedia.org/wiki/File:Symphyotrichum_novi-belgii_var_novi-belgii_BB-1913-2.png
anemone-hupehensis,1,planches/anemone-hupehensis/1.jpg,File:WitteHeinrichFlora1868-007-Anemone hupehensis.png,,Abraham Jacobus Wendel,"1868date QS:P571,+1868-00-00T00:00:00Z/9",Public domain,https://commons.wikimedia.org/wiki/File:WitteHeinrichFlora1868-007-Anemone_hupehensis.png
colchicum-autumnale,1,planches/colchicum-autumnale/1.jpg,File:Colchicum autumnale Sturm27.jpg,Sturm,Johann Georg Sturm (Painter: Jacob Sturm),1796,Public domain,https://commons.wikimedia.org/wiki/File:Colchicum_autumnale_Sturm27.jpg
calluna-vulgaris,1,planches/calluna-vulgaris/1.jpg,File:Illustration Calluna vulgaris0.jpg,Illustration,,,Public domain,https://commons.wikimedia.org/wiki/File:Illustration_Calluna_vulgaris0.jpg
hedera-helix,1,planches/hedera-helix/1.jpg,File:Hedera helix — Flora Batava — Volume v8.jpg,Flora Batava,Jan Kops,,Public domain,https://commons.wikimedia.org/wiki/File:Hedera_helix_%E2%80%94_Flora_Batava_%E2%80%94_Volume_v8.jpg
cyclamen-hederifolium,1,planches/cyclamen-hederifolium/1.jpg,File:Johannes Simon Holtzbecher - Cyclamen purpurascens; Cyclamen hederifolium - Google Art Project.jpg,,Hans Simon Holtzbecker,"from 1649 until 1659date QS:P571,+1650-0",Public domain,https://commons.wikimedia.org/wiki/File:Johannes_Simon_Holtzbecher_-_Cyclamen_purpurascens;_Cyclamen_hederifolium_-_Google_Art_Project.jpg
spiranthes-spiralis,1,planches/spiranthes-spiralis/1.jpg,File:Illustration Spiranthes spiralis0.jpg,Illustration,,,Public domain,https://commons.wikimedia.org/wiki/File:Illustration_Spiranthes_spiralis0.jpg
crocus-sativus,1,planches/crocus-sativus/1.jpg,"File:The American Flora. Vol. 4, 1855 - pl. 04 Crocus sativus, Fuchsia magellanica (14783453205).jpg",Fuchs,David William Moody,1855,Public domain,"https://commons.wikimedia.org/wiki/File:The_American_Flora._Vol._4,_1855_-_pl._04_Crocus_sativus,_Fuchsia_magellanica_(14783453205).jpg"
sternbergia-lutea,1,planches/sternbergia-lutea/1.jpg,"File:Holtzbecker, Hans Simon - Colchicum variegatum, Bulbocodium vernum, Sternbergia lutea - Statens Museum for Kunst.jpg",,Hans Simon Holtzbecker,"from 1649 until 1659date QS:P,+1650-00-0",Public domain,"https://commons.wikimedia.org/wiki/File:Holtzbecker,_Hans_Simon_-_Colchicum_variegatum,_Bulbocodium_vernum,_Sternbergia_lutea_-_Statens_Museum_for_Kunst.jpg"
gentiana-pneumonanthe,1,planches/gentiana-pneumonanthe/1.jpg,File:Gentiana pneumonanthe — Flora Batava — Volume v5.jpg,Flora Batava,Jan Kops,,Public domain,https://commons.wikimedia.org/wiki/File:Gentiana_pneumonanthe_%E2%80%94_Flora_Batava_%E2%80%94_Volume_v5.jpg
succisa-pratensis,1,planches/succisa-pratensis/1.jpg,File:Plantenschat1898 253 121 Blauwe knoop.—Succisa pratensis.jpg,Plantenschat,"Frederike J. Uildriks, Vitus Bruinsma",1898,Public domain,https://commons.wikimedia.org/wiki/File:Plantenschat1898_253_121_Blauwe_knoop.%E2%80%94Succisa_pratensis.jpg
arbutus-unedo,1,planches/arbutus-unedo/1.jpg,"File:The American Flora. Vol. 4, 1855 - pl. 18 Arbutus unedo (14760467266).jpg",,"AnonymousUnknown author [illustrator not stated, no signature]",1855,Public domain,"https://commons.wikimedia.org/wiki/File:The_American_Flora._Vol._4,_1855_-_pl._18_Arbutus_unedo_(14760467266).jpg"
chrysanthemum-morifolium,1,planches/chrysanthemum-morifolium/1.jpg,File:Naturalis Biodiversity Center - RMNH.ART.792 - Chrysanthemum morifolium - Yūshi Ishizaki - Cock Blomhoff Collection - pencil drawing - water colour.jpg,,Ishizaki Yūshi,,Public domain,https://commons.wikimedia.org/wiki/File:Naturalis_Biodiversity_Center_-_RMNH.ART.792_-_Chrysanthemum_morifolium_-_Y%C5%ABshi_Ishizaki_-_Cock_Blomhoff_Collection_-_pencil_drawing_-_water_colour.jpg
fatsia-japonica,1,planches/fatsia-japonica/1.jpg,File:Fatsia japonica 141-8638.jpg,,"M.S. del., J.N.Fitch lith.",1915,Public domain,https://commons.wikimedia.org/wiki/File:Fatsia_japonica_141-8638.jpg
