id,nom_fr,rang
helleborus-niger,,1
galanthus-nivalis,,1
corylus-avellana,,1
viburnum-tinus,,1
mahonia-aquifolium,,1
hamamelis-mollis,,1
lonicera-fragrantissima,,1
camellia-japonica,,1
camellia-sasanqua,,1
erica-carnea,,1
ulex-europaeus,,1
bellis-perennis,,1
stellaria-media,,1
senecio-vulgaris,,1
veronica-persica,,1
lamium-purpureum,,1
viola-odorata,,1
eranthis-hyemalis,,1
crocus-vernus,,1
acacia-dealbata,,1
prunus-dulcis,,1
cornus-mas,,1
daphne-mezereum,,1
tussilago-farfara,,1
ficaria-verna,,1
hepatica-nobilis,,1
salix-caprea,,1
anemone-nemorosa,,1
anemone-coronaria,,1
pulsatilla-vulgaris,,1
prunus-spinosa,,1
taraxacum-officinale,,1
forsythia-intermedia,,1
magnolia-soulangeana,,1
narcissus-pseudonarcissus,,1
muscari-neglectum,,1
vinca-minor,,1
primula-veris,,1
cardamine-pratensis,,1
glechoma-hederacea,,1
prunus-avium,,1
prunus-persica,,1
cercis-siliquastrum,,1
pyrus-communis,,1
syringa-vulgaris,,1
wisteria-sinensis,,1
tulipa-sylvestris,,1
crataegus-monogyna,,1
aesculus-hippocastanum,,1
quercus-robur,,1
acer-campestre,,1
allium-ursinum,,1
convallaria-majalis,,1
hyacinthoides-non-scripta,,1
arum-maculatum,,1
polygonatum-multiflorum,,1
stellaria-holostea,,1
alliaria-petiolata,,1
anthriscus-sylvestris,,1
ajuga-reptans,,1
fragaria-vesca,,1
ranunculus-acris,,1
anacamptis-morio,,1
orchis-purpurea,,1
ophrys-apifera,,1
geranium-robertianum,,1
myosotis-arvensis,,1
silene-dioica,,1
cytisus-scoparius,,1
thymus-vulgaris,,1
salvia-rosmarinus,,1
cistus-albidus,,1
iris-germanica,,1
paeonia-officinalis,,1
iris-pseudacorus,,1
aquilegia-vulgaris,,1
sambucus-nigra,,1
robinia-pseudoacacia,,1
papaver-rhoeas,,1
centaurea-cyanus,,1
leucanthemum-vulgare,,1
agrostemma-githago,,1
rosa-canina,,1
rosa-gallica,,1
papaver-orientale,,1
philadelphus-coronarius,,1
cornus-sanguinea,,1
viburnum-opulus,,1
salvia-pratensis,,1
trifolium-pratense,,1
lotus-corniculatus,,1
silene-vulgaris,,1
geranium-sanguineum,,1
nigella-damascena,,1
spartium-junceum,,1
olea-europaea,,1
vitis-vinifera,,1
symphytum-officinale,,1
matricaria-chamomilla,,1
borago-officinalis,,1
echium-vulgare,,1
malva-sylvestris,,1
tilia-cordata,,1
castanea-sativa,,1
ligustrum-vulgare,,1
lonicera-periclymenum,,1
digitalis-purpurea,,1
lilium-candidum,,1
hemerocallis-fulva,,1
alcea-rosea,,1
jasminum-officinale,,1
lavandula-angustifolia,,1
nerium-oleander,,1
punica-granatum,,1
magnolia-grandiflora,,1
catalpa-bignonioides,,1
albizia-julibrissin,,1
hypericum-perforatum,,1
achillea-millefolium,,1
daucus-carota,,1
convolvulus-arvensis,,1
calystegia-sepium,,1
filipendula-ulmaria,,1
valeriana-officinalis,,1
melissa-officinalis,,1
verbena-officinalis,,1
verbascum-thapsus,,1
lathyrus-latifolius,,1
consolida-regalis,,1
nymphaea-alba,,1
lythrum-salicaria,,1
chamaenerion-angustifolium,,1
oenothera-biennis,,1
knautia-arvensis,,1
scabiosa-columbaria,,1
campanula-rotundifolia,,1
clematis-vitalba,,1
humulus-lupulus,,1
cichorium-intybus,,1
tanacetum-vulgare,,1
dipsacus-fullonum,,1
mentha-aquatica,,1
origanum-vulgare,,1
helianthus-annuus,,1
lagerstroemia-indica,,1
passiflora-caerulea,,1
tropaeolum-majus,,1
calendula-officinalis,,1
agapanthus-africanus,,1
cosmos-bipinnatus,,1
dahlia-pinnata,,1
carlina-acaulis,,1
leontopodium-nivale,,1
gentiana-lutea,,1
gentiana-acaulis,,1
lilium-martagon,,1
arnica-montana,,1
parnassia-palustris,,1
aster-amellus,,1
symphyotrichum-novi-belgii,,1
anemone-hupehensis,,1
colchicum-autumnale,,1
calluna-vulgaris,,1
hedera-helix,,1
cyclamen-hederifolium,,1
spiranthes-spiralis,,1
crocus-sativus,,1
sternbergia-lutea,,1
gentiana-pneumonanthe,,1
succisa-pratensis,,1
arbutus-unedo,,1
chrysanthemum-morifolium,,1
fatsia-japonica,,1
